,Location,Date,End Date (if bulk sample),Time,Replicate,Collecter,Type,Project,Comment,"This cell checks to make sure the ID and the Sample Name match - If its blank, its good!",Analyzed on Machine,Sample Name,Processed Delta 2H,Processed Delta 2H StDev,Processed Delta 18O,Processed Delta 18O StDev,Processed Delta 17O,Processed Delta 17O StDev,Comments
1303,Mill Recreation area,8/23/24,,3:40:00 PM,1,"RV, RC",Stream,Isoscape,1: Enter to the parking lot on the right when entering the Mill River Recreation Area,,8/26/2024,1303,-50.598538,3.10E-01,-7.958064,7.01E-02,-4.374836,6.66E-02,
1304,Downstream puffers pond bridge,8/23/24,,3:49:00 PM,1,"RV, RC",Stream,Isoscape,2: Just downstream of the bridge,,8/26/2024,1304,-49.828924,3.21E-01,-7.909438,4.20E-02,-4.29771,6.20E-02,
1305,Below puffers water fall,8/23/24,,3:55:00 PM,1,"RV, RC",Stream,Isoscape,"3: Big black snake slithered into the water, right below the waterfall",,8/26/2024,1305,-48.705667,1.48E+00,-7.738765,1.93E-01,-4.260768,4.28E-02,
1306,Puffers beach,8/23/24,,4:05:00 PM,1,"RV, RC",Stream,Isoscape,4: Puffers Pond Beach area,,8/26/2024,1306,-49.34275,8.02E-01,-7.860958,1.36E-01,-4.281429,5.90E-02,
1307,Cushman brook,8/23/24,,4:12:00 PM,1,"RV, RC",Stream,Isoscape,"5: Cushman Brook, just downstream of bridge",,8/26/2024,1307,-50.662412,5.31E-01,-7.98279,7.47E-02,-4.399556,4.47E-02,
1308,Atkins Reservoir,8/23/24,,4:28:00 PM,1,"RV, RC",Stream,Isoscape,"6: Atkins Reservoir ""Boat Launch""",,8/26/2024,1308,-42.460966,1.52E-01,-6.328725,6.27E-02,-3.57109,4.38E-02,
1309,Broad Hill - Roaring,8/23/24,,4:47:00 PM,1,"RV, RC",Stream,Isoscape,7: Just above Broad Hill Rd (on other side of main road where Broad Hill stems from),,8/26/2024,1309,-51.136625,3.37E-01,-8.238188,9.46E-02,-4.606355,4.68E-02,
1310,Rattlesnake gutter,8/23/24,,5:03:00 PM,1,"RV, RC",Stream,Isoscape,"8: Small pool, not running water (On north side of Rattlesnake gutter Rd)",,8/26/2024,1310,-48.113108,1.86E-01,-7.581233,2.64E-02,-4.186865,6.31E-02,
1311,Leverett pond,8/23/24,,5:11:00 PM,1,"RV, RC",Stream,Isoscape,9: Leverett Pond Boat Launch,,8/26/2024,1311,-36.532166,0.00E+00,-4.668335,0.00E+00,-2.837434,0.00E+00,
1312,Cushman brook (fishing spot),8/23/24,,5:22:00 PM,1,"RV, RC",Stream,Isoscape,10: Raul's secret spot to fish in Cushman Brook,,8/26/2024,1312,-49.918358,3.24E-01,-7.935796,7.00E-02,-4.334753,2.63E-02,
1315,Roaring,8/26/24,,,1,"RV, RC",Stream,Isoscape,,,9/6/24,1315,-51.780115,3.90E-01,-8.351397,6.49E-02,-4.80239,6.14E-02,
1316,Doolittle,8/26/24,,,1,"RV, RC",Stream,Isoscape,,,9/6/24,1316,-48.629939,1.87E-01,-7.610048,6.97E-02,-4.326748,5.68E-02,
1317,Eastman Up,8/26/24,,,1,"RV, RC",Stream,Isoscape,,,9/6/24,1317,-46.924405,1.95E-01,-7.321552,1.07E-01,-4.079984,4.11E-02,
1318,Eastman Down,8/26/24,,,1,"RV, RC",Stream,Isoscape,,,9/6/24,1318,-50.770528,1.95E-01,-8.004269,5.33E-02,-4.436983,1.43E-02,1 avol
1319,Campus Pond Down,8/26/24,,,1,"RV, RC",Stream,Isoscape,,,9/6/24,1319,-49.020111,4.01E-01,-7.693848,1.02E-01,-4.109113,3.99E-02,
1320,Campus Pond Up,8/26/24,,,1,"RV, RC",Stream,Isoscape,,,9/6/24,1320,-48.518415,5.96E-01,-7.774272,1.63E-01,-4.119412,1.01E-01,
1321,Tan Brook Up,8/26/24,,,1,"RV, RC",Stream,Isoscape,,,9/6/24,1321,-49.389395,6.12E-01,-7.933198,6.35E-02,-4.170865,3.61E-02,
1322,Tan Brook Down,8/26/24,,,1,"RV, RC",Stream,Isoscape,,,9/6/24,1322,-50.011459,4.04E-01,-7.945149,6.09E-02,-4.035394,2.86E-02,
1323,Horse Up,8/26/24,,,1,"RV, RC",Stream,Isoscape,,,9/6/24,1323,-43.447054,5.74E-01,-6.77105,7.10E-02,-3.331245,3.11E-02,
1324,Horse Down,8/26/24,,,1,"RV, RC",Stream,Isoscape,,,9/19/24,1324,-44.705988,5.21E-01,-6.867796,4.77E-02,-3.668966,5.75E-02,
1325,Mill Site,8/26/24,,,1,"RV, RC",Stream,Isoscape,,,9/6/24,1325,-50.211775,7.35E-01,-8.127886,9.15E-02,-3.834836,5.36E-02,
1326,Knightly,8/26/24,,,1,"RV, RC",Stream,Isoscape,,,9/6/24,1326,-52.540017,2.35E-01,-8.57223,4.85E-02,-4.014004,2.48E-02,
1327,Lake Warner Out,8/26/24,,,1,"RV, RC",Stream,Isoscape,,,9/6/24,1327,-48.270682,8.25E-01,-7.75211,1.16E-01,-3.479591,5.07E-02,5 2Hck
1328,MR Recreation Area,8/26/24,,,1,"RV, RC",Stream,Isoscape,1,,9/6/24,1328,-50.197597,3.34E-01,-8.242958,1.01E-01,-3.711257,3.89E-02,
1329,MR trail bridge,8/26/24,,,1,"RV, RC",Stream,Isoscape,2,,9/6/24,1329,-50.257996,1.08E+00,-8.237731,1.57E-01,-3.683101,5.39E-02,5 2Hck
1330,Puffers Waterfall,8/26/24,,,1,"RV, RC",Stream,Isoscape,3,,9/6/24,1330,-49.977514,3.88E-01,-8.218549,3.62E-02,-3.618126,1.90E-02,
1331,Puffers south beach,8/26/24,,,1,"RV, RC",Stream,Isoscape,4,,9/6/24,1331,-50.236497,4.87E-01,-8.166885,7.27E-02,-3.617298,2.94E-02,
1332,Puffers - Cushman brook bridge,8/26/24,,,1,"RV, RC",Stream,Isoscape,5,,9/6/24,1332,-50.439604,1.01E+00,-8.302664,1.13E-01,-3.647416,4.88E-02,5 2Hck
1333,Atkins reservoir,8/26/24,,,1,"RV, RC",Stream,Isoscape,6,,9/6/24,1333,-42.420245,5.68E-01,-6.602913,8.71E-02,-2.746228,6.57E-02,
1334,Broad hill Rd,8/26/24,,,1,"RV, RC",Stream,Isoscape,7,,9/6/24,1334,-50.668715,1.00E+00,-8.511482,1.43E-01,-3.708068,4.17E-02,5 2Hck
1335,Leverett Elementary,8/26/24,,,1,"RV, RC",Stream,Isoscape,8,,9/6/24,1335,-52.694486,8.64E-01,-8.667557,7.96E-02,-3.785177,3.27E-02,5 2Hck
1336,Leverett Pond boat launch,8/26/24,,,1,"RV, RC",Stream,Isoscape,9,,9/6/24,1336,-36.232407,3.25E-01,-4.974974,6.57E-02,-1.708092,4.83E-02,
1337,Cushman brook Conservation area,8/26/24,,,1,"RV, RC",Stream,Isoscape,10. Fishing spot,,9/6/24,1337,-50.090984,3.96E-01,-8.19225,3.89E-02,-3.481458,5.10E-02,
1338,USFWS visitors lot,8/26/24,,,1,"RV, RC",Stream,Isoscape,11,,9/6/24,1338,-42.175767,3.48E-01,-6.482568,4.49E-02,-2.558617,1.89E-02,
1339,Prindle school,8/26/24,,,1,"RV, RC",Stream,Isoscape,12,,9/6/24,1339,-44.543869,4.65E-01,-7.132272,5.53E-02,-3.702127,4.65E-02,
1340,UMass Stadium,8/26/24,,,1,"RV, RC",Stream,Isoscape,13,,9/6/24,1340,-42.674535,4.97E-01,-6.762886,8.33E-02,-3.525717,3.17E-02,
1341,Cole conservation area,8/26/24,,,1,"RV, RC",Stream,Isoscape,14,,9/6/24,1341,-43.619153,5.14E-01,-6.96067,6.07E-02,-3.608218,4.99E-02,
1342,Wildwood Cemetary,8/26/24,,,1,"RV, RC",Stream,Isoscape,15,,9/6/24,1342,-38.418673,6.80E-01,-5.651764,6.92E-02,-2.971512,5.27E-02,
1343,Fieldstone,8/26/24,,,1,"RV, RC",Stream,Isoscape,16,,9/6/24,1343,-48.660905,3.55E-01,-7.719679,8.31E-02,-4.029884,4.73E-02,1 pres
1344,WET Down,8/26/24,,,1,"RV, RC",Stream,Isoscape,17,,9/6/24,1344,-49.745759,5.76E-01,-7.958591,9.22E-02,-4.206586,5.83E-02,
1345,WET Up,8/26/24,,,1,"RV, RC",Stream,Isoscape,18,,9/6/24,1345,-49.543766,5.11E-01,-7.917474,5.79E-02,-4.15883,1.49E-02,
1346,Wet Center,8/26/24,,,1,"RV, RC",Stream,Isoscape,19,,9/6/24,1346,-49.519645,5.00E-01,-7.915434,8.73E-02,-4.120341,5.83E-02,
1347,TBD Downstream,8/26/24,,,1,"RV, RC",Stream,Isoscape,20,,9/6/24,1347,-49.137806,2.32E-01,-7.734322,5.76E-02,-3.97129,2.66E-02,
1348,TBD Upstream,8/26/24,,,1,"RV, RC",Stream,Isoscape,21,,9/6/24,1348,-48.665925,5.73E-01,-7.429022,7.41E-02,-3.820573,7.36E-02,
1439,Broad Hill Rd,11/16/24,,10:52:00 AM,1,"RV, RC",Stream,Isoscape,Iscoscape and 13_sites data below were collected on the same day so can be processed together for isoscape analysis,,12/03/24,1439,-55.241967,5.23E-01,-7.820822,8.11E-02,-3.79259,1.08E-02,
1440,Leverett Pond Boat Launch,11/16/24,,11:04:00 AM,1,"RV, RC",Stream,Isoscape,,,12/03/24,1440,-29.287972,3.52E-01,-1.563872,5.71E-02,-0.605237,7.40E-02,
1441,Leverett Elementary,11/16/24,,11:17:00 AM,1,"RV, RC",Stream,Isoscape,,,12/03/24,1441,-54.749317,2.60E-01,-7.647046,4.11E-02,-3.747631,1.65E-02,
1442,Atkins Reservoir,11/16/24,,11:30:00 AM,1,"RV, RC",Stream,Isoscape,,,12/03/24,1442,-42.834817,2.72E-01,-4.964205,4.14E-02,-2.443255,4.46E-02,
1443,Cushman Brook Conservation,11/16/24,,11:41:00 AM,1,"RV, RC",Stream,Isoscape,,,12/03/24,1443,-53.476212,4.47E-01,-7.358885,7.40E-02,-3.680218,4.89E-02,
1444,CBC Down,11/16/24,,11:44:00 AM,1,"RV, RC",Stream,Isoscape,,,12/03/24,1444,-53.375897,7.52E-01,-7.345424,1.05E-01,-3.738251,7.30E-02,
1445,MR Rec Area,11/16/24,,12:01:00 PM,1,"RV, RC",Stream,Isoscape,,,12/03/24,1445,-52.999097,1.05E-01,-7.223437,3.65E-02,-3.737289,5.07E-02,
1446,MR Trail Bridge,11/16/24,,12:08:00 PM,1,"RV, RC",Stream,Isoscape,,,12/03/24,1446,-52.856757,1.58E-01,-7.145328,2.02E-02,-3.796413,5.44E-02,
1447,Puffers Waterfall,11/16/24,,12:14:00 PM,1,"RV, RC",Stream,Isoscape,,,12/03/24,1447,-53.001844,2.74E-01,-7.213047,3.81E-02,-3.847737,3.92E-02,
1448,Puffers South Beach,11/16/24,,12:21:00 PM,1,"RV, RC",Stream,Isoscape,,,12/03/24,1448,-52.707815,3.71E-01,-7.154501,5.83E-02,-3.879008,3.34E-02,
1449,Puffers - Cushman Brook Bridge,11/16/24,,12:29:00 PM,1,"RV, RC",Stream,Isoscape,,,12/03/24,1449,-53.486715,9.74E-01,-7.335097,8.84E-02,-4.049738,4.52E-02,4 2Hck
1450,Wildwood Cemetery,11/16/24,,12:53:00 PM,1,"RV, RC",Stream,Isoscape,,,12/03/24,1450,-24.453788,3.97E-01,-0.590239,6.79E-02,-0.637494,4.61E-02,
1451,USFWS Parking Lot,11/16/24,,1:11:00 PM,1,"RV, RC",Stream,Isoscape,,,12/03/24,1451,-31.158622,3.40E-01,-2.727472,1.04E-01,-1.802732,5.17E-02,
1452,Prindle School,11/16/24,,1:16:00 PM,1,"RV, RC",Stream,Isoscape,,,12/03/24,1452,-45.571912,3.66E-01,-5.86914,4.76E-02,-3.415823,5.21E-02,
1453,Umass Stadium,11/16/24,,1:27:00 PM,1,"RV, RC",Stream,Isoscape,,,12/03/24,1453,-44.320956,1.04E+00,-5.698064,1.29E-01,-3.285339,6.99E-02,4 2Hck
1454,Umass Track,11/16/24,,1:32:00 PM,1,"RV, RC",Stream,Isoscape,,,12/03/24,1454,-23.596607,7.69E-01,-0.346555,5.07E-02,-0.630123,5.62E-02,
1455,WET Up,11/16/24,,1:39:00 PM,1,"RV, RC",Stream,Isoscape,,,12/03/24,1455,-49.252185,6.87E-01,-7.090593,7.22E-02,-4.049619,3.30E-02,
1456,Wet Center,11/16/24,,1:43:00 PM,1,"RV, RC",Stream,Isoscape,,,12/03/24,1456,-52.380431,3.94E-01,-7.147317,8.22E-02,-4.017121,5.80E-02,
1457,WET Down,11/16/24,,1:45:00 PM,1,"RV, RC",Stream,Isoscape,,,12/03/24,1457,-52.282516,5.66E-01,-7.105255,8.20E-02,-3.591242,6.14E-02,
1458,Fieldstone,11/16/24,,1:55:00 PM,1,"RV, RC",Stream,Isoscape,,,12/03/24,1458,-51.958736,4.55E-01,-7.075425,4.31E-02,-3.515459,6.07E-02,
1459,TBD Down,11/16/24,,2:02:00 PM,1,"RV, RC",Stream,Isoscape,,,12/03/24,1459,-50.612693,3.38E-01,-6.804685,2.46E-02,-3.409002,6.54E-03,
1460,TBD Up,11/16/24,,2:03:00 PM,1,"RV, RC",Stream,Isoscape,,,12/03/24,1460,-50.853399,4.51E-01,-6.745258,4.67E-02,-3.412228,3.88E-02,
1473,TBD Down,11/16/24,,11:26:00 AM,1,"TN, RV, RC, EW, XG, KH",Stream,Isoscape,Additonal sample to compare with1459,,1/31/25,1473,-45.145453,0.581393,-7.694097,0.097619,-3.944444,0.064532,NaN - Rerun
1896,UMass Farm,6/23/25,,9:28:00 AM,1,"RV, EW, XG",Stream,Isoscape,1,,10/9/25,1896,-48.483509,6.59E-01,-7.669363,8.80E-02,-4.041665,3.87E-02,
1897,Mill River Trail Bridge,6/23/25,,9:41:00 AM,1,"RV, EW, XG",Stream,Isoscape,2,,10/9/25,1897,-50.851827,4.85E-01,-8.103839,6.24E-02,-4.299766,5.35E-02,
1898,Puffer's waterfall,6/23/25,,9:47:00 AM,1,"RV, EW, XG",Stream,Isoscape,3,,10/9/25,1898,-50.672083,2.06E-01,-8.103564,1.95E-02,-4.283955,1.45E-02,
1899,Puffers Beach,6/23/25,,9:56:00 AM,1,"RV, EW, XG",Stream,Isoscape,4,,10/9/25,1899,-52.195297,5.75E-01,-8.205754,4.09E-02,-4.22066,1.55E-02,
1900,Puffers - Cushman brook bridge,6/23/25,,10:07:00 AM,1,"RV, EW, XG",Stream,Isoscape,5,,10/9/25,1900,-51.88511,2.27E-01,-8.192456,2.62E-02,-4.211514,2.74E-02,
1901,Puffers - Cushman brook rail road,6/23/25,,10:11:00 AM,1,"RV, EW, XG",Stream,Isoscape,6,,10/9/25,1901,-51.676565,1.24E+00,-8.210474,1.13E-01,-4.305642,6.88E-02,
1902,Atkins reservoir ,6/23/25,,10:24:00 AM,1,"RV, EW, XG",Stream,Isoscape,7,,10/9/25,1902,-48.503845,7.89E-02,-7.282467,9.60E-02,-3.850221,2.14E-02,
1903,Roaring,6/23/25,,10:35:00 AM,1,"RV, EW, XG",Stream,Isoscape,8,,10/9/25,1903,-52.560449,3.14E-01,-8.487197,6.92E-02,-4.440996,1.86E-02,
1904,Broad hill Rd,6/23/25,,10:43:00 AM,1,"RV, EW, XG",Stream,Isoscape,9,,10/9/25,1904,-53.328858,4.64E-01,-8.515188,9.66E-02,-4.546874,4.99E-02,
1905,Montague Rd - Roaring,6/23/25,,10:55:00 AM,1,"RV, EW, XG",Stream,Isoscape,10,,10/9/25,1905,-49.098783,4.44E-01,-7.890014,7.48E-02,-4.159204,7.03E-02,
1906,Leverett Public Library,6/23/25,,11:13:00 AM,1,"RV, EW, XG",Stream,Isoscape,11,,10/9/25,1906,-52.790706,7.38E-01,-8.441717,9.70E-02,-4.392899,6.87E-02,
1907,Rattlesnake Gutter,6/23/25,,11:23:00 AM,1,"RV, EW, XG",Stream,Isoscape,12,,10/9/25,1907,-51.169542,1.58E-01,-8.089763,4.74E-02,-4.227242,3.64E-02,
1908,Haskins Meadow,6/23/25,,11:37:00 AM,1,"RV, EW, XG",Stream,Isoscape,13,,10/9/25,1908,-51.152686,2.40E-01,-8.238485,8.13E-02,-4.337425,3.23E-02,
1909,Haskins Meadown upstream,6/23/25,,11:46:00 AM,1,"RV, EW, XG",Stream,Isoscape,14,,10/9/25,1909,-51.219167,7.32E-01,-8.245846,9.92E-02,-4.3541,7.76E-02,
1910,Lake warner Stockbridge trail,6/23/25,,12:14:00 PM,1,"RV, EW, XG",Stream,Isoscape,15,,10/9/25,1910,-43.382808,9.44E-01,-7.129158,1.22E-01,-3.696238,7.98E-02,
1911,Tan Brook down,6/24/25,,11:09:00 AM,1,RV,Stream,Isoscape,16,,10/9/25,1911,-43.743165,6.31E-01,-6.930478,6.95E-02,-3.53274,4.20E-02,
1912,Wet Center,6/24/25,,11:26:00 AM,1,RV,Stream,Isoscape,17,,10/9/25,1912,-50.125346,2.62E-01,-8.098072,2.87E-02,-4.088395,4.28E-02,
1913,Wet Center Down,6/24/25,,11:32:00 AM,1,RV,Stream,Isoscape,18,,10/9/25,1913,-50.19048,4.30E-01,-8.093085,4.13E-02,-4.110592,3.49E-02,
1914,Wet Center Up,6/24/25,,11:39:00 AM,1,RV,Stream,Isoscape,19,,10/9/25,1914,-50.635377,6.60E-01,-7.831454,8.10E-02,-4.763323,6.24E-02,
1915,USFWS visitors lot,6/24/25,,12:05:00 PM,1,RV,Stream,Isoscape,20,,10/9/25,1915,-32.839961,3.98E-01,-4.848194,6.23E-02,-3.288047,5.70E-02,
1916,Prindle school,6/24/25,,12:12:00 PM,1,RV,Stream,Isoscape,21,,10/9/25,1916,-42.746806,5.03E-01,-6.405193,6.71E-02,-3.955564,6.60E-02,
1917,UMass Stadium,6/24/25,,12:23:00 PM,1,RV,Stream,Isoscape,22,,10/9/25,1917,-39.567175,3.40E-01,-5.931559,6.02E-02,-3.730925,7.90E-02,
1918,Umass Track,6/24/25,,12:33:00 PM,1,RV,Stream,Isoscape,23,,10/9/25,1918,-32.894961,2.23E+00,-4.524068,2.76E-01,-2.955321,1.53E-01,
1919,Fieldstone,6/24/25,,12:40:00 PM,1,RV,Stream,Isoscape,24,,10/9/25,1919,-50.501266,7.88E-01,-7.87111,1.15E-01,-4.401881,7.33E-02,
1920,Fieldstone Up,6/24/25,,12:42:00 PM,1,RV,Stream,Isoscape,25,,10/9/25,1920,-49.855275,1.77E+00,-7.836294,2.53E-01,-4.382164,1.31E-01,
1921,Wildwood Cemetery,6/24/25,,12:54:00 PM,1,RV,Stream,Isoscape,26,,10/9/25,1921,-45.472762,9.90E-01,-6.695996,1.21E-01,-3.639735,8.40E-02,
1922,Leverett Pond Boat Launch,6/24/25,,1:10:00 PM,1,RV,Stream,Isoscape,27,,10/9/25,1922,-38.2197,6.96E-01,-5.104977,8.81E-02,-2.881444,7.06E-02,
1923,MR Rec Area - grill,6/24/25,,1:34:00 PM,1,RV,Stream,Isoscape,28,,10/9/25,1923,-51.070837,6.67E-01,-8.186086,6.68E-02,-4.178572,5.51E-02,
1924,MR Rec Area - tennis courts,6/24/25,,1:35:00 PM,1,RV,Stream,Isoscape,29,,10/9/25,1924,-51.203159,7.35E-01,-8.244536,1.05E-01,-4.05856,5.90E-02,
2217,Mill Site,10/11/25,,2:13 PM,1,"RV, XG",Stream,Isoscape,24,,10/17/25,2217,-48.295492,1.46E+00,-7.789489,1.53E-01,-3.711239,7.63E-02,
2194,Wet Center,10/11/25,,8:53 AM,1,"RV, XG",Stream,Isoscape,1,,10/17/25,2194,-48.98789,3.54E-01,-7.505433,7.01E-02,-3.611322,4.83E-02,
2195,Wet Center UP,10/11/25,,9:00 AM,1,"RV, XG",Stream,Isoscape,2,,10/17/25,2195,-49.104282,1.51E+00,-7.552497,1.55E-01,-3.61431,5.71E-02,
2196,Tan Brook Down,10/11/25,,9:14 AM,1,"RV, XG",Stream,Isoscape,3,,10/17/25,2196,-48.450591,5.37E-01,-7.411673,7.60E-02,-3.470583,5.40E-02,
2197,UMass Farm,10/11/25,,9:24 AM,1,"RV, XG",Stream,Isoscape,4,,10/17/25,2197,-42.906286,2.32E-01,-6.887015,5.18E-02,-3.150037,5.48E-02,
2198,MR Rec Area - Picnic tables,10/11/25,,9:55 AM,1,"RV, XG",Stream,Isoscape,5,,10/17/25,2198,-48.910681,3.56E-01,-7.794977,3.82E-02,-3.662333,4.11E-02,
2199,MR Rec Area - Baseball Field,10/11/25,,9:58 AM,1,"RV, XG",Stream,Isoscape,6,,10/17/25,2199,-48.841115,2.86E-01,-7.822853,5.50E-02,-3.72763,5.51E-02,
2200,MR Rec - Julius Lester Bridge,10/11/25,,10:03 AM,1,"RV, XG",Stream,Isoscape,7,,10/17/25,2200,-48.348432,2.05E-01,-7.797851,5.72E-02,-3.702519,4.76E-02,
2201,Lower MR Trail Bridge,10/11/25,,10:12 AM,1,"RV, XG",Stream,Isoscape,8,,10/17/25,2201,-48.071725,4.48E-01,-7.831709,8.08E-02,-3.706363,6.29E-02,
2202,Puffers Waterfall,10/11/25,,10:38 AM,1,"RV, XG",Stream,Isoscape,9,,10/17/25,2202,-48.366421,6.62E-01,-7.958838,1.08E-01,-3.760248,5.66E-02,
2203,Puffers Beach,10/11/25,,10:46 AM,1,"RV, XG",Stream,Isoscape,10,,10/17/25,2203,-50.252468,6.48E-01,-8.253205,7.66E-02,-3.975413,4.76E-02,
2204,Upper Puffers - Bridge,10/11/25,,10:54 AM,1,"RV, XG",Stream,Isoscape,11,,10/17/25,2204,-50.51806,3.67E-01,-8.255784,5.48E-02,-3.967923,5.60E-02,
2205,Upper Puffers - Railroad,10/11/25,,10:59 AM,1,"RV, XG",Stream,Isoscape,12,,10/17/25,2205,-50.455181,3.77E-01,-8.266131,6.65E-02,-3.952553,6.40E-02,
2206,Haskin Meadows -fishing spot,10/11/25,,11:57 AM,1,"RV, XG",Stream,Isoscape,13,,10/17/25,2206,-51.252082,8.51E-01,-8.353361,1.05E-01,-4.063671,7.15E-02,
2207,Haskin Meadows upstream,10/11/25,,12:04 PM,1,"RV, XG",Stream,Isoscape,14,,10/17/25,2207,-50.799577,5.46E-01,-8.320035,7.36E-02,-4.065657,5.89E-02,
2208,Atkins Reservoir,10/11/25,,12:19 PM,1,"RV, XG",Stream,Isoscape,15,,10/17/25,2208,-40.325465,4.55E-01,-5.954212,6.21E-02,-2.672796,4.05E-02,
2209,Roaring,10/11/25,,12:28 PM,1,"RV, XG",Stream,Isoscape,16,,10/17/25,2209,-53.08297,4.87E-01,-8.797475,5.94E-02,-4.323708,4.76E-02,
2210,Broad Hill,10/11/25,,12:36 PM,1,"RV, XG",Stream,Isoscape,17,,10/17/25,2210,-51.732556,1.73E+00,-8.623332,1.78E-01,-4.265313,1.05E-01,
2211,Shutesbury Cemetary,10/11/25,,12:48 PM,1,"RV, XG",Stream,Isoscape,18,,10/17/25,2211,-48.173458,1.83E-01,-8.167176,5.52E-02,-3.973693,3.90E-02,
2212,Doolittle,10/11/25,,1:10 PM,1,"RV, XG",Stream,Isoscape,19,,10/17/25,2212,-49.956672,6.30E-01,-7.754194,1.04E-01,-3.69354,7.65E-02,
2213,Leverett Library,10/11/25,,1:22 PM,1,"RV, XG",Stream,Isoscape,20,,10/17/25,2213,-52.791311,7.22E-01,-8.399208,9.66E-02,-4.052744,4.93E-02,
2214,Leverett Pond,10/11/25,,1:44 PM,1,"RV, XG",Stream,Isoscape,21,,10/17/25,2214,-24.90252,2.68E-01,-2.520114,1.72E-02,-0.793064,3.05E-02,
2215,Eastman Up,10/11/25,,1:55 PM,1,"RV, XG",Stream,Isoscape,22,,10/17/25,2215,-47.703224,6.13E-01,-7.476295,9.62E-02,-3.51955,6.69E-02,
2216,Eastman Down,10/11/25,,2:06 PM,1,"RV, XG",Stream,Isoscape,23,,10/17/25,2216,-50.810336,3.26E-01,-8.115814,9.46E-02,-3.943412,4.47E-02,
2218,Knightly,10/11/25,,2:20 PM,1,"RV, XG",Stream,Isoscape,25,,10/17/25,2218,-52.3424,3.86E-01,-8.385228,5.75E-02,-4.075179,3.09E-02,
2219,LW Boat Ramp,10/11/25,,2:27 PM,1,"RV, XG",Stream,Isoscape,26,,10/17/25,2219,-41.366062,7.31E-01,-6.750631,9.82E-02,-3.134985,5.45E-02,
2220,USFWS Visitors Parking,10/11/25,,2:45 PM,1,"RV, XG",Stream,Isoscape,27,,10/17/25,2220,-22.168867,6.35E-01,-4.242685,1.07E-01,-1.740684,4.94E-02,
2221,Prindle School,10/11/25,,2:51 PM,1,"RV, XG",Stream,Isoscape,28,,10/17/25,2221,-35.651869,2.32E-01,-6.003818,4.43E-02,-2.789595,4.18E-02,
2222,Horse Farm Up,10/11/25,,3:07 PM,1,"RV, XG",Stream,Isoscape,29,,10/17/25,2222,-31.846681,5.06E-01,-5.293378,7.47E-02,-2.371389,4.64E-02,
2223,Umass Stadium,10/11/25,,3:14 PM,1,"RV, XG",Stream,Isoscape,30,,10/17/25,2223,-47.612416,4.86E-01,-7.362767,7.84E-02,-3.539972,3.55E-02,
2224,Tan Brook Up ,10/11/25,,3:24 PM,1,"RV, XG",Stream,Isoscape,31,,10/17/25,2224,-51.07622,7.16E-01,-8.126253,4.12E-02,-3.968881,2.79E-02,
2225,Fieldstone,10/11/25,,3:29 PM,1,"RV, XG",Stream,Isoscape,32,,10/17/25,2225,-50.282555,2.36E-01,-7.97758,7.02E-02,-3.944998,2.97E-02,
2226,Wildwood Cemetary,10/11/25,,3:39 PM,1,"RV, XG",Stream,Isoscape,33,,10/17/25,2226,-17.141965,1.31E+00,-1.51356,1.74E-01,-0.368623,8.68E-02,
2227,Campus Pond Up ,10/11/25,,3:47 PM,1,"RV, XG",Stream,Isoscape,34,,10/17/25,2227,-45.562205,6.03E-01,-7.146046,5.30E-02,-3.471235,5.59E-02,
2228,Campus Pond Down,10/11/25,,3:51 PM,1,"RV, XG",Stream,Isoscape,35,,10/17/25,2228,-41.630391,2.60E+00,-6.582862,2.96E-01,-3.132073,1.65E-01,
2261,Tan Brook Down,10/15/25,,9:14 AM,1,"RV, XG",Stream,Isoscape,,,10/29/25,2261,-56.291665,5.64E-01,-8.516687,3.78E-02,-4.515768,4.55E-02,
2262,UMass Farm,10/15/25,,9:24 AM,1,"RV, XG",Stream,Isoscape,,,10/29/25,2262,-49.597721,9.01E-01,-7.760867,1.66E-01,-4.126048,1.28E-01,
2263,MR Rec Area - Picnic tables,10/15/25,,9:55 AM,1,"RV, XG",Stream,Isoscape,,,10/29/25,2263,-50.91624,1.31E+00,-7.975555,1.15E-01,-4.20245,9.80E-02,
2264,MR Rec Area - Baseball Field,10/15/25,,9:58 AM,1,"RV, XG",Stream,Isoscape,,,10/29/25,2264,-50.461555,6.44E-01,-8.019118,8.43E-02,-4.09621,5.07E-02,
2265,MR Rec - Julius Lester Bridge,10/15/25,,10:03 AM,1,"RV, XG",Stream,Isoscape,,,10/29/25,2265,-49.588496,1.09E+00,-7.924788,1.32E-01,-4.060736,5.60E-02,
2266,Lower MR Trail Bridge,10/15/25,,10:12 AM,1,"RV, XG",Stream,Isoscape,,,10/29/25,2266,-50.28158,4.20E-01,-7.99348,1.14E-01,-4.006574,2.81E-02,
2267,Puffers Waterfall,10/15/25,,10:38 AM,1,"RV, XG",Stream,Isoscape,,,10/29/25,2267,-50.425745,5.61E-01,-7.974253,1.29E-01,-4.135338,9.92E-02,
2268,Puffers Beach,10/15/25,,10:46 AM,1,"RV, XG",Stream,Isoscape,,,10/29/25,2268,-50.855493,1.10E+00,-8.030085,1.59E-01,-4.250358,6.99E-02,
2269,Upper Puffers - Bridge,10/15/25,,10:54 AM,1,"RV, XG",Stream,Isoscape,,,10/29/25,2269,-50.825717,4.24E-01,-8.036534,1.07E-01,-4.391302,2.15E-02,
2270,Upper Puffers - Railroad,10/15/25,,10:59 AM,1,"RV, XG",Stream,Isoscape,,,10/29/25,2270,-49.694726,1.29E+00,-8.008861,1.13E-01,-4.046214,1.17E-01,
2271,Haskin Meadows -fishing spot,10/15/25,,11:57 AM,1,"RV, XG",Stream,Isoscape,,,10/29/25,2271,-49.896351,3.34E-01,-8.137369,1.06E-01,-3.925105,4.57E-02,
2272,Haskin Meadows upstream,10/15/25,,12:04 PM,1,"RV, XG",Stream,Isoscape,,,10/29/25,2272,-50.109755,9.36E-01,-8.073852,9.34E-02,-4.019277,7.96E-02,
2273,Atkins Reservoir,10/15/25,,12:19 PM,1,"RV, XG",Stream,Isoscape,,,10/29/25,2273,-41.057973,6.36E-01,-5.777414,9.52E-02,-3.217566,3.38E-02,
2274,Roaring,10/15/25,,12:28 PM,1,"RV, XG",Stream,Isoscape,,,10/29/25,2274,-51.832097,1.45E+00,-8.239571,5.46E-02,-4.489849,5.13E-02,
2275,Broad Hill,10/15/25,,12:36 PM,1,"RV, XG",Stream,Isoscape,,,10/29/25,2275,-52.219396,5.53E-01,-8.383702,1.41E-01,-4.499541,7.76E-02,
2276,Shutesbury Cemetary,10/15/25,,12:48 PM,1,"RV, XG",Stream,Isoscape,,,10/29/25,2276,-46.415329,1.40E+00,-7.461965,1.79E-01,-3.86848,7.96E-02,
2277,Doolittle,10/15/25,,1:10 PM,1,"RV, XG",Stream,Isoscape,,,10/29/25,2277,-50.684294,2.00E+00,-8.045668,1.70E-01,-4.199505,1.16E-01,
2278,Leverett Library,10/15/25,,1:22 PM,1,"RV, XG",Stream,Isoscape,,,10/29/25,2278,-53.580113,1.27E+00,-8.476438,3.17E-01,-4.394664,1.50E-01,
2279,Leverett Pond,10/15/25,,1:44 PM,1,"RV, XG",Stream,Isoscape,,,10/29/25,2279,-29.801967,9.37E-01,-3.492891,1.30E-01,-1.312232,1.04E-01,
2280,Eastman Up,10/15/25,,1:55 PM,1,"RV, XG",Stream,Isoscape,,,10/29/25,2280,-41.146975,4.39E-01,-6.172453,1.48E-01,-2.61769,8.88E-02,
2281,Eastman Down,10/15/25,,2:06 PM,1,"RV, XG",Stream,Isoscape,,,10/29/25,2281,-50.609775,8.69E-01,-8.174308,1.51E-01,-3.686969,1.02E-01,
2282,Mill Site,10/15/25,,2:13 PM,1,"RV, XG",Stream,Isoscape,,,10/29/25,2282,-49.995697,7.81E-01,-8.047027,1.22E-01,-3.598243,2.41E-02,
2283,Knightly,10/15/25,,2:20 PM,1,"RV, XG",Stream,Isoscape,,,10/29/25,2283,-51.968382,8.36E-01,-8.33205,1.98E-01,-3.979989,1.10E-01,
2284,LW Boat Ramp,10/15/25,,2:27 PM,1,"RV, XG",Stream,Isoscape,,,10/29/25,2284,-42.625889,9.83E-01,-7.016072,4.71E-02,-3.216967,7.90E-02,
2285,Prindle School,10/15/25,,2:51 PM,1,"RV, XG",Stream,Isoscape,,,10/29/25,2285,-39.767566,6.63E-01,-6.398443,1.37E-01,-3.180867,7.86E-02,
2286,Horse Farm Up,10/15/25,,3:07 PM,1,"RV, XG",Stream,Isoscape,,,10/29/25,2286,-42.250421,9.06E-01,-6.792454,1.51E-01,-3.461103,1.04E-01,
2287,Umass Stadium,10/15/25,,3:14 PM,1,"RV, XG",Stream,Isoscape,,,10/29/25,2287,-45.060031,8.76E-01,-7.232164,1.05E-01,-3.679078,4.97E-02,
2288,Tan Brook Up ,10/15/25,,3:24 PM,1,"RV, XG",Stream,Isoscape,,,10/29/25,2288,-50.492147,7.24E-01,-8.121317,5.45E-02,-4.170732,2.13E-01,
2289,Fieldstone,10/15/25,,3:29 PM,1,"RV, XG",Stream,Isoscape,,,10/29/25,2289,-50.932099,5.69E-01,-8.091308,1.17E-01,-4.185691,1.02E-01,
2290,Horse Farm Down,10/15/25,,3:29 PM,1,"RV, XG",Stream,Isoscape,,,10/29/25,2290,-44.75008,5.13E-01,-7.082778,4.84E-02,-3.591276,7.05E-02,
2474,Tan Brook Up ,3/28/26,,9:29:00 AM,`1,"OW, KW",Stream,Spatial,,,4/13/26,2474,-60.545812,4.77E-01,-9.225318,6.92E-02,-4.833974,2.82E-02,
2475,Campus Pond UP,3/28/26,,9:51:00 AM,1,"OW, KW",Stream,Spatial,,,4/13/26,2475,-58.708534,2.87E-01,-8.989163,1.09E-01,-4.710219,5.72E-02,
2476,Campus Pond Down,3/28/26,,10:03:00 AM,1,"OW, KW",Stream,Spatial,,,4/13/26,2476,-58.981029,1.13E+00,-8.917836,1.31E-01,-4.652933,8.45E-02,
2477,Roaring,3/28/26,,10:37:00 AM,1,"OW, KW",Stream,Spatial,,,4/13/26,2477,-67.267911,4.07E-01,-10.120352,8.06E-02,-5.115179,5.04E-02,
2478,Doolittle,3/28/26,,10:56:00 AM,1,"OW, KW",Stream,Spatial,,,4/13/26,2478,-60.217798,7.91E-02,-9.264776,1.04E-01,-4.885652,5.84E-02,
2479,Eastman Up,3/28/26,,11:26:00 AM,1,"OW, KW",Stream,Spatial,,,4/13/26,2479,-63.05224,2.99E-01,-9.497399,7.26E-02,-4.960766,5.49E-02,
2480,Eastman Down,3/28/26,,11:53:00 AM,1,"OW, KW",Stream,Spatial,,Not Equal,,,,,,,,,
2481,Knightly,3/28/26,,12:24:00 PM,1,"OW, KW",Stream,Spatial,,Not Equal,,,,,,,,,
2482,Mill Site,3/28/26,,12:45:00 PM,1,"OW, KW",Stream,Spatial,,Not Equal,,,,,,,,,
2483,Lake Warner Outlet,3/28/26,,1:17:00 AM,1,"OW, KW",Stream,Spatial,,Not Equal,,,,,,,,,
2484,Horse Up,3/28/26,,1:44:00 PM,1,"OW, KW",Stream,Spatial,,Not Equal,,,,,,,,,
2485,Horse Down,3/28/26,,2:02:00 PM,1,"OW, KW",Stream,Spatial,,Not Equal,,,,,,,,,
2486,Wet Center,3/28/26,,2:22:00 PM,1,"OW, KW",Stream,Spatial,,Not Equal,,,,,,,,,
2487,Tan Brook Down,3/28/26,,2:40:00 PM,1,"OW, KW",Stream,Spatial,,Not Equal,,,,,,,,,
2510,UMass Farm,3/28/26,,9:39 AM,,"RV, SH",Stream,Spatial,S3_14,Not Equal,,,,,,,,,
2511,Brandywine Pond,3/28/26,,9:51 AM,,"RV, SH",Stream,Spatial,S3_15,Not Equal,,,,,,,,,
2512,MR Julius Bridge,3/28/26,,10:08 AM,,"RV, SH",Stream,Spatial,S3_16,Not Equal,,,,,,,,,
2513,Puffers Waterfall,3/28/26,,10:32 AM,,"RV, SH",Stream,Spatial,S3_17,Not Equal,,,,,,,,,
2514,Puffers Pond Beach,3/28/26,,10:42 AM,,"RV, SH",Stream,Spatial,S3_18,Not Equal,,,,,,,,,
2515,Puffers Railroad,3/28/26,,10:56 AM,,"RV, SH",Stream,Spatial,S3_19,Not Equal,,,,,,,,,
2516,Haskins Meadows,3/28/26,,12:05 PM,,"RV, SH",Stream,Spatial,S3_20,Not Equal,,,,,,,,,
2517,Haskins Meadows Up,3/28/26,,12:15 PM,,"RV, SH",Stream,Spatial,S3_21,Not Equal,,,,,,,,,
2518,Atkins Reservoir,3/28/26,,12:33 PM,,"RV, SH",Stream,Spatial,S3_22,Not Equal,,,,,,,,,
2519,Dean Brook,3/28/26,,12:44 PM,,"RV, SH",Stream,Spatial,S3_23,Not Equal,,,,,,,,,
2520,Nurse Brook,3/28/26,,12:56 PM,,"RV, SH",Stream,Spatial,S3_24,Not Equal,,,,,,,,,
2521,Shutesbury Cemetery,3/28/26,,1:17 PM,,"RV, SH",Stream,Spatial,S3_25,Not Equal,,,,,,,,,
2522,Broad Hill,3/28/26,,1:30 PM,,"RV, SH",Stream,Spatial,S3_26,Not Equal,,,,,,,,,
2523,Number 6 Rd,3/28/26,,1:41 PM,,"RV, SH",Stream,Spatial,S3_27,Not Equal,,,,,,,,,
2524,Leverett Library,3/28/26,,2:00 PM,,"RV, SH",Stream,Spatial,S3_28,Not Equal,,,,,,,,,
2525,Leverett Pond,3/28/26,,2:25 PM,,"RV, SH",Stream,Spatial,S3_29,Not Equal,,,,,,,,,
2526,MR Montague Bridge,3/28/26,,2:42 PM,,"RV, SH",Stream,Spatial,S3_30,Not Equal,,,,,,,,,
2527,Lake Warner Trail,3/28/26,,3:17 PM,,"RV, SH",Stream,Spatial,S3_31,Not Equal,,,,,,,,,
2528,Prindle School,3/28/26,,3:38 PM,,"RV, SH",Stream,Spatial,S3_32,Not Equal,,,,,,,,,
2717,WET Center,7/20/26,,10:01 AM,,"RV,KK,KW,SG,SH",Stream,Spatial,,,,,,,,,,,
2722,Umass Farm,7/20/26,,8:45 AM,,"RV,KK,KW,SG,SH",Stream,Spatial,,,,,,,,,,,
2723,MR Montague Bridge,7/20/26,,9:44 AM,,"RV,KK,KW,SG,SH",Stream,Spatial,,,,,,,,,,,
2724,Puffers Pond Beach,7/20/26,,10:07 AM,,"RV,KK,KW,SG,SH",Stream,Spatial,,,,,,,,,,,
2725,Puffers Railroad,7/20/26,,10:21 AM,,"RV,KK,KW,SG,SH",Stream,Spatial,,,,,,,,,,,
2726,Broad Hill,7/20/26,,12:01 PM,,"RV,KK,KW,SG,SH",Stream,Spatial,,,,,,,,,,,
2727,MR Julius Bridge,7/20/26,,9:37 AM,,"RV,KK,KW,SG,SH",Stream,Spatial,,,,,,,,,,,
2728,Leverett Pond,7/20/26,,12:22 PM,,"RV,KK,KW,SG,SH",Stream,Spatial,,,,,,,,,,,
2729,Shutesbury Cemetery,7/20/26,,11:41 AM,,"RV,KK,KW,SG,SH",Stream,Spatial,,,,,,,,,,,
2730,Atkins Resevoir,7/20/26,,10:53 AM,,"RV,KK,KW,SG,SH",Stream,Spatial,,,,,,,,,,,
2731,Puffers Waterfall,7/20/26,,9:56 AM,,"RV,KK,KW,SG,SH",Stream,Spatial,,,,,,,,,,,
2732,Number 6 Road,7/20/26,,12:10:00 PM,,"RV,KK,KW,SG,SH",Stream,Spatial,,,,,,,,,,,
2733,Dean Brook,7/20/26,,11:00 AM,,"RV,KK,KW,SG,SH",Stream,Spatial,,,,,,,,,,,
2734,Haskins Meadow,7/20/26,,10:36 AM,,"RV,KK,KW,SG,SH",Stream,Spatial,,,,,,,,,,,
2735,Brandywine Pond,7/20/26,,9:07 AM,,"RV,KK,KW,SG,SH",Stream,Spatial,,,,,,,,,,,
2736,Lake Warner Trail,7/20/26,,4:21 PM,,"RV,KK,KW,SG,SH",Stream,Spatial,,,,,,,,,,,
2737,Prindle school,7/20/26,,4:54 PM,,"RV,KK,KW,SG,SH",Stream,Spatial,,,,,,,,,,,
